,video_title,video_id,series,video_length_minutes,video_created,views,subscribers_gained,% subscriber conversion,average_view_duration,watch_time_minutes,% average_percentage_viewed,card_clicks,cards_shown,% clicks_per_card_shown,card_teaser_clicks,card_teasers_shown,% clicks_per_card_teaser_shown,end_screen_elements_shown,end_screen_element_clicks,% clicks_per_end_screen_element_shown,estimated_monetized_playbacks,ad_impressions,youtube_red_watch_time_hours,annotation_clicks,clickable_annotations_shown,annotation_click_through_rate,annotation_closes,closable_annotations_shown,annotation_close_rate,annotations_shown,likes,likes_added,likes_removed,dislikes,dislikes_added,dislikes_removed,shares,comments,videos_in_playlists,videos_added_to_playlists,videos_removed_from_playlists,watch_time_hours,total_engagement,positive_engagement,comments_shares,like_ratio,total_engagement_to_views,positive_engagement_to_views,comments_shares_to_views,vid_count
0,100 Humans: What Do You Love About Yourself?,CJN-D6kdvws,100 Humans,2.47,2017-05-07,104404,159,0.0015229999999999998,1.8,191746,0.7445999999999999,2,5,0.4,5,3246,0.0015,117839,3454,0.029300000000000003,33162,37607,45,1,44931,0.0,39,0,0.0,44931,3621,3708,87,10,24,14,383,65,1300,2769,1469,3196,4079,4069,448,0.9972,0.0391,0.039,0.0043,1
1,100 Humans: What Does Being In Love Feel Like?,DJfj-5fwikc,100 Humans,2.9,2017-05-14,276698,343,0.00124,1.9,537524,0.6698999999999999,1,9,0.11109999999999999,7,9987,0.0007000000000000001,251404,8088,0.0322,108501,120637,121,2,111663,0.0,180,0,0.0,111663,6270,6440,170,55,79,24,846,146,3961,7677,3716,8959,7317,7262,992,0.9913,0.0264,0.0262,0.0036,1
2,Couple Secretly Shares Each Side Of Their Love Story,638ZHX2CA0g,Both Sides,8.48,2017-05-16,4141770,8692,0.002099,4.7,19306829,0.5495,26,199,0.1307,96,63405,0.0015,2577377,75228,0.0292,1682220,1861864,6975,162,1308627,0.0001,2474,0,0.0,1308627,108409,111555,3146,943,1675,732,19268,3079,56758,107532,50774,321780,131699,130756,22347,0.9914,0.0318,0.0316,0.0054,1
3,Best Friends Openly Share Their Dreams & Disappointments | Chris & Daniel,qNyikSjStZc,Candid Confession,6.93,2017-05-23,430965,466,0.001081,3.6,1533211,0.5131,2,19,0.10529999999999999,8,4179,0.0019,217093,4776,0.022000000000000002,153701,184325,725,10,144813,0.0001,49,0,0.0,144813,8279,8502,223,64,119,55,632,197,2538,6794,4256,25554,9172,9108,829,0.9923,0.0213,0.0211,0.0019,1
4,"Mother & Son Play Candid Game of ""Never Have I Ever"" | Shirley & AJ Rafael",AKtb6MORn8w,Candid Confession,6.98,2017-05-23,938892,1217,0.0012959999999999998,4.0,3800665,0.5797,15,61,0.2459,41,16205,0.0025,455010,8232,0.0181,331918,386276,1525,26,332973,0.0001,176,0,0.0,332973,17787,18217,430,150,302,152,778,353,4771,11849,7078,63344,19068,18918,1131,0.9916,0.0203,0.0201,0.0012,1
5,100 Humans: What Would You Do If You Weren't Afraid?,m7Btde7e7Hs,100 Humans,2.65,2017-05-30,60134,64,0.0010639999999999998,1.9,112770,0.7077,0,3,0.0,1,1314,0.0008,59919,1867,0.031200000000000002,18937,21544,33,0,25677,0.0,25,0,0.0,25677,1968,2019,51,6,9,3,266,59,785,1810,1025,1879,2299,2293,325,0.997,0.0382,0.0381,0.0054,1
6,Husband & Wife Share Both Sides Of Their Love Story,74pgM1Ddo-I,Both Sides,6.88,2017-06-02,759438,1510,0.001988,3.7,2775367,0.5309,8,37,0.2162,27,12059,0.0022,518727,21676,0.0418,356460,395463,1049,18,239974,0.0001,256,0,0.0,239974,24252,24757,505,96,232,136,4050,598,9534,18055,8521,46256,28996,28900,4648,0.9961,0.0382,0.0381,0.0061,1
7,Dancers Overcome Language Barrier to Choreograph Piece,O19HV8Yspr0,Between Worlds,6.28,2017-06-20,461718,5174,0.011206,3.7,1712098,0.5901,3,8,0.375,6,1270,0.004699999999999999,182042,3101,0.017,3222,3126,878,18,132609,0.0001,2,0,0.0,132609,29860,30481,621,97,228,131,3140,580,12861,20544,7683,28535,33677,33580,3720,0.9968,0.0729,0.0727,0.0081,1
8,100 Humans: What Would You Regret Not Telling Someone?,mFRTVLStx90,100 Humans,4.03,2017-06-23,129783,271,0.002088,2.3,293607,0.5609000000000001,32,782,0.0409,711,48149,0.0148,78677,2599,0.033,50380,60253,93,2,52703,0.0,7,0,0.0,52703,3492,3562,70,22,33,11,271,91,1621,3699,2078,4893,3876,3854,362,0.9937,0.0299,0.0297,0.0028,1
9,Married Couple Secretly Shares Both Sides Of Their Love Story,_HxD6VOdFRQ,Both Sides,5.6,2017-06-26,421773,943,0.002236,3.1,1290154,0.5462,0,10,0.0,3,5675,0.0005,312792,10728,0.034300000000000004,184943,218027,575,5,141281,0.0,125,0,0.0,141281,7151,7320,169,44,93,49,778,112,1897,5264,3367,21503,8085,8041,890,0.9939,0.0192,0.0191,0.0021,1
10,Sisters Openly Share Long Held Secrets With Each Other | Veronicka & Marizza,Q3OKNyonzHI,Candid Confession,6.3,2017-07-06,2157619,4331,0.002007,3.7,7901702,0.5813,277,30831,0.009000000000000001,30115,1207930,0.024900000000000002,983630,30443,0.030899999999999997,892536,1108539,3338,57,537979,0.0001,1184,0,0.0,537979,43974,45300,1326,560,911,351,3038,879,22953,49237,26284,131695,48451,47891,3917,0.9874,0.0225,0.0222,0.0018,1
11,People Read Strangers' Biggest Secrets,_5r2ZAV5CWI,Seeking Secrets,3.85,2017-07-15,2806362,12152,0.00433,3.0,8317149,0.7698,12,130,0.09230000000000001,108,31859,0.0034000000000000002,3191570,238489,0.0747,878313,1050004,3588,27,609956,0.0,1411,0,0.0,609956,79550,82101,2551,507,1123,616,6947,1581,30375,60729,30354,138619,88585,88078,8528,0.9937,0.0316,0.0314,0.003,1
12,Strangers Play Never Have I Ever on a Blind Date | Linda & Jeff,2kVgU57si4A,Candid Confession,7.27,2017-07-18,3624082,6040,0.0016669999999999999,4.1,14814794,0.5626,344,32284,0.010700000000000001,31690,2014658,0.015700000000000002,2210675,64838,0.029300000000000003,1636480,1946757,5581,70,1059091,0.0001,608,0,0.0,1059091,42716,44133,1417,1121,1638,517,2027,1457,15460,38107,22647,246913,47321,46200,3484,0.9744,0.0131,0.0127,0.001,1
13,People Read What Strangers Are Most Ashamed Of,khsORnPgigM,Seeking Secrets,3.37,2017-07-20,1871022,8905,0.004759,2.6,4843944,0.769,517,42767,0.0121,43169,1392266,0.031,2114732,88741,0.042,820644,886897,2051,16,451465,0.0,314,0,0.0,451465,44201,45480,1279,315,672,357,2044,1466,17535,37029,19494,80732,48026,47711,3510,0.9929,0.0257,0.0255,0.0019,1
14,People Read The Most Hurtful Words Strangers Have Ever Received,AQJiXSgDU8I,Seeking Secrets,3.38,2017-07-20,1898387,9092,0.004789,2.2,4218465,0.6568,534,40467,0.0132,39991,1359907,0.0294,1630594,115591,0.0709,663778,803052,1824,19,463876,0.0,144,0,0.0,463876,39757,40913,1156,217,553,336,1376,2045,11601,26019,14418,70308,43395,43178,3421,0.9946,0.0229,0.0227,0.0018,1
15,Peter & Bethany Secretly Share Both Sides Of Their Love Story,nzMZNZCmCUg,Both Sides,7.65,2017-07-25,1483482,5102,0.0034389999999999998,4.7,6917047,0.6095,588,15258,0.0385,15152,821340,0.0184,1828449,48436,0.0265,689667,811526,2528,56,467562,0.0001,401,0,0.0,467562,63149,64906,1757,170,485,315,21408,1720,18640,30863,12223,115284,86447,86277,23128,0.9973,0.0583,0.0582,0.0156,1
16,Divorced Couple Shares Each Side Of Their Love Story,UsDiywh3tsE,Both Sides,9.65,2017-08-08,1216117,4804,0.00395,5.5,6658792,0.5674,106,7275,0.0146,6999,707379,0.009899999999999999,673383,12688,0.018799999999999997,765982,858608,3729,30,377707,0.0001,547,0,0.0,377707,14978,15442,464,312,482,170,3548,850,13183,24859,11676,110980,19688,19376,4398,0.9796,0.0162,0.0159,0.0036,1
17,People Tell Their First Kiss Stories,yoosmJOYqw8,Firsts,3.47,2017-08-11,171353,270,0.001576,2.2,379000,0.638,4,19,0.21050000000000002,16,3024,0.0053,99566,1207,0.0121,43124,55256,135,2,46419,0.0,43,0,0.0,46419,2693,2785,92,30,51,21,125,111,986,3093,2107,6317,2959,2929,236,0.989,0.0173,0.0171,0.0014,1
18,Couple Passionately Shares Both Sides Of Their Love Story,66VQu9NIhZ4,Both Sides,7.32,2017-08-15,457466,857,0.0018729999999999999,3.8,1757239,0.525,63,3152,0.02,3108,225955,0.0138,263042,6848,0.026000000000000002,208922,248594,878,8,168190,0.0,339,0,0.0,168190,7217,7406,189,99,158,59,799,230,2207,5545,3338,29287,8345,8246,1029,0.9865,0.0182,0.018,0.0022,1
19,People Relive Losing Their Virginities,o3W-ShFF0qI,Firsts,3.72,2017-08-18,855600,704,0.000823,2.4,2032028,0.639,2083,16013,0.1301,16355,504268,0.032400000000000005,705983,11075,0.015700000000000002,7584,9031,758,8,164453,0.0,87,0,0.0,164453,13316,13969,653,332,479,147,839,451,12533,25273,12740,33867,14938,14606,1290,0.9757,0.0175,0.0171,0.0015,1
20,Leila and Joanna Share Both Sides of Their Love Story,z-US7cqcLlg,Both Sides,9.07,2017-08-23,171803,431,0.002509,5.1,879462,0.5646,6,13,0.46149999999999997,15,2694,0.005600000000000001,111458,2648,0.023799999999999998,85978,102305,442,3,65305,0.0,38,0,0.0,65305,4224,4313,89,85,117,32,536,118,1133,2736,1603,14658,4963,4878,654,0.9803,0.0289,0.0284,0.0038,1
21,Women Tell Their First Period Stories,2S66OWbzXcI,Firsts,3.07,2017-08-29,112099,126,0.001124,1.9,215123,0.6258,58,2117,0.0274,2118,72598,0.0292,79266,2316,0.0292,4934,5117,90,0,26549,0.0,0,0,0.0,26549,2233,2290,57,21,42,21,56,110,550,1923,1373,3585,2420,2399,166,0.9907,0.0216,0.0214,0.0015,1
22,College Student Opens Up About Depression And Anxiety,t2ZTi5NIkc8,Humans Being,9.27,2017-09-01,178242,892,0.005004,4.3,766107,0.46380000000000005,6,27,0.22219999999999998,23,4090,0.005600000000000001,59125,527,0.0089,87980,100634,327,13,77714,0.0002,0,0,0.0,77714,9138,9455,317,39,78,39,1274,393,5588,9344,3756,12768,10844,10805,1667,0.9958,0.0608,0.0606,0.0094,1
23,Tinder Couple Reflects On Their Two Year Relationship,0TjNjTsov9g,Candid Confession,7.33,2017-09-05,1479309,5723,0.003869,4.8,7078012,0.6525,131,13180,0.009899999999999999,12847,991941,0.013000000000000001,1262559,42013,0.0333,797206,932523,2506,64,491889,0.0001,0,0,0.0,491889,42061,43291,1230,203,482,279,10539,1139,15771,29486,13715,117967,53942,53739,11678,0.9952,0.0365,0.0363,0.0079,1
24,Lovers Reflect On Past Journeys And Future Plans,yvPKnlwv3yg,Candid Confession,9.08,2017-09-08,464859,1461,0.0031430000000000004,4.8,2209199,0.5232,2,20,0.1,8,6134,0.0013,155097,1955,0.0126,245792,282124,1025,10,138305,0.0001,0,0,0.0,138305,10249,10580,331,147,240,93,1477,588,3837,7463,3626,36820,12461,12314,2065,0.9859,0.0268,0.0265,0.0044,1
25,Reading Strangers' Deepest Regrets,qDukATwo61I,Seeking Secrets,3.63,2017-09-20,3541704,26936,0.007605,2.6,9086428,0.7061,7851,83833,0.09369999999999999,85363,2392731,0.035699999999999996,3439179,233057,0.0678,658404,770642,3902,46,884897,0.0001,0,0,0.0,884897,80513,83051,2538,549,1212,663,6424,2184,35637,67842,32205,151440,89670,89121,8608,0.9932,0.0253,0.0252,0.0024,1
26,Playing Never Have I Ever On A Blind Date,wGFpi93yhCE,Candid Confession,8.33,2017-09-24,320596,466,0.001454,3.7,1196812,0.44799999999999995,2,17,0.1176,16,4135,0.0039000000000000003,166351,3578,0.0215,131259,162278,596,7,108430,0.0001,0,0,0.0,108430,3727,3920,193,218,269,51,159,137,1261,4371,3110,19947,4241,4023,296,0.9447,0.0132,0.0125,0.0009,1
27,Reading Strangers' Proudest Moments,q3_j7cN1Nlw,Seeking Secrets,3.45,2017-09-26,1116321,5876,0.005264,2.2,2496904,0.6483,9,54,0.16670000000000001,52,10966,0.004699999999999999,982919,60420,0.061500000000000006,370374,428660,1097,16,316055,0.0001,0,0,0.0,316055,25264,25900,636,140,337,197,1170,484,6095,13969,7874,41615,27058,26918,1654,0.9945,0.0242,0.0241,0.0015,1
28,Roommates Play An Honest Game Of Never Have I Ever,vhKTK5T6VMY,Candid Confession,9.45,2017-10-01,4172220,25673,0.006153,5.1,21163112,0.5367999999999999,58406,178203,0.32770000000000005,123749,2239766,0.0553,799011,13197,0.0165,1219370,1506436,10431,146,1030105,0.0001,0,0,0.0,1030105,130173,134277,4104,1169,2297,1128,10939,6341,41691,76277,34586,352719,148622,147453,17280,0.9911,0.0356,0.0353,0.0041,1
29,Reading The Worst Things People Have Ever Done,SRPn3tWYabc,Seeking Secrets,3.9,2017-10-03,4488838,44265,0.009861,2.7,11964105,0.6834,199,516,0.3857,483,52796,0.0091,4295610,389048,0.0906,1866293,2200297,5016,69,1001693,0.0001,0,0,0.0,1001693,113622,117488,3866,1120,2176,1056,9789,2462,71087,123699,52612,199402,126993,125873,12251,0.9902,0.0283,0.028,0.0027,1
30,Atheists and Christians Debate Truth And Belief,3SjuC0PYscU,Middle Ground,12.87,2017-10-07,2541831,19090,0.00751,6.9,17586961,0.5377000000000001,374,44515,0.0084,49322,1156752,0.0426,1268209,36287,0.0286,860979,917854,11103,69,680675,0.0001,0,0,0.0,680675,54949,57449,2500,1532,2296,764,11823,11020,37225,69524,32299,293116,79324,77792,22843,0.9729,0.0312,0.0306,0.009,1
31,Strangers Have Awkward First Date Playing Never Have I Ever,vtSFSnBJ4Ho,Candid Confession,6.63,2017-10-10,2735847,7656,0.002798,3.7,10190017,0.5615,6,117,0.0513,91,37806,0.0024,1586677,23518,0.0148,1288101,1489687,4787,65,702799,0.0001,0,0,0.0,702799,26227,27366,1139,1024,1466,442,1341,1802,11879,28198,16319,169834,30394,29370,3143,0.9624,0.0111,0.0107,0.0011,1
32,Liberals And Conservatives Fight Labels And Stereotypes,cbh64LX6-HY,Middle Ground,9.92,2017-10-14,1096349,6880,0.006274999999999999,6.0,6599291,0.607,25,91,0.2747,68,15006,0.0045000000000000005,534754,12102,0.0226,531726,613682,5235,26,326059,0.0001,0,0,0.0,326059,21086,21908,822,680,952,272,2538,2547,9204,20421,11217,109988,26851,26171,5085,0.9688,0.0245,0.0239,0.0046,1
33,Brothers Open Up About Their Insecurities | RJ & Cory,Lk6DQSTYdmA,Candid Confession,6.73,2017-10-18,958421,3365,0.0035110000000000002,3.8,3606140,0.5588000000000001,545,11579,0.0471,10887,455624,0.0239,573318,25383,0.0443,390710,470228,1878,17,259473,0.0001,0,0,0.0,259473,18723,19298,575,165,323,158,570,414,6267,14210,7943,60102,19872,19707,984,0.9913,0.0207,0.0206,0.001,1
34,How To Make a Startup To (Maybe) Change The World,nfeMPBWdQhk,Jubilee Journals,4.8,2017-10-21,34632,272,0.007854,1.5,51537,0.31,0,2,0.0,1,530,0.0019,9841,192,0.0195,3234,3743,25,4,22084,0.0002,0,0,0.0,22084,954,1033,79,16,32,16,82,63,414,904,490,859,1115,1099,145,0.9835,0.0322,0.0317,0.0042,1
35,Pro-Choice And Pro-Life Supporters Search For Common Ground,QOJsel8t6wE,Middle Ground,13.07,2017-10-24,2612669,22720,0.008696,7.3,18944602,0.5549000000000001,160,12084,0.0132,11002,554962,0.019799999999999998,1276541,43520,0.0341,513067,512034,11727,45,674801,0.0001,0,0,0.0,674801,61585,63875,2290,1246,1947,701,10186,9425,41347,77185,35838,315743,82442,81196,19611,0.9802,0.0316,0.0311,0.0075,1
36,The Night I Was Sexually Assaulted,nGJF5j_vJ9Q,Secrets v2,7.27,2017-11-15,281712,1885,0.006691,4.2,1180797,0.5768,6,17,0.3529,16,2303,0.0069,142748,2735,0.0192,4657,5043,611,3,67124,0.0,0,0,0.0,67124,9678,10075,397,75,157,82,672,342,3921,8063,4142,19680,10767,10692,1014,0.9923,0.0382,0.038,0.0036,1
37,The Time I Tried To Kill Myself,KtU7kSoDAtM,Secrets v2,8.18,2017-11-26,781212,8393,0.010744,4.9,3805912,0.5953,313,14870,0.021,15135,427329,0.0354,640677,19557,0.0305,3684,4069,1964,17,172090,0.0001,0,0,0.0,172090,32309,33492,1183,193,497,304,2139,856,16875,28730,11855,63432,35497,35304,2995,0.9941,0.0454,0.0452,0.0038,1
38,Rich And Poor People Seek To Understand Each Other,8xbof4rqOKw,Middle Ground,11.72,2017-11-29,3395593,51514,0.015170999999999999,6.1,20603021,0.5179,713,55078,0.0129,59253,1504922,0.0394,868427,10111,0.0116,3110,63,13828,91,1027180,0.0001,0,0,0.0,1027180,95745,98555,2810,1449,2315,866,13034,4530,47188,82280,35092,343384,114758,113309,17564,0.9851,0.0338,0.0334,0.0052,1
39,My Son Died In My Arms,_sX9LAAZOxo,Secrets v2,9.0,2017-12-05,271658,1577,0.005805,4.2,1144090,0.4679,0,11,0.0,6,1610,0.0037,113879,2272,0.02,12539,12361,701,3,63756,0.0,0,0,0.0,63756,9279,9551,272,58,142,84,697,291,4079,7995,3916,19068,10325,10267,988,0.9938,0.038,0.0378,0.0036,1
40,Veterans And Peace Activists Seek To Find Common Ground,ZT6dde0Tz2c,Middle Ground,10.38,2017-12-09,1429898,18813,0.013157,6.5,9223783,0.6213000000000001,224,8983,0.024900000000000002,7917,370407,0.021400000000000002,704699,19006,0.027000000000000003,384706,447385,7217,21,384595,0.0001,0,0,0.0,384595,38050,39102,1052,495,843,348,2641,2295,13683,27476,13793,153730,43481,42986,4936,0.9872,0.0304,0.0301,0.0035,1
41,Veteran Retells The Guilt Of War,pC0VIPomB4Q,Secrets v2,6.97,2017-12-13,216883,1268,0.0058460000000000005,3.6,791291,0.5236999999999999,2,18,0.11109999999999999,15,1856,0.008100000000000001,107194,2149,0.02,38794,37997,572,4,55720,0.0001,0,0,0.0,55720,7092,7282,190,41,95,54,446,209,2875,5729,2854,13188,7788,7747,655,0.9943,0.0359,0.0357,0.003,1
42,Cops And Ex-Felons Seek To Find Common Ground,kbdJqkKQCzc,Middle Ground,12.9,2017-12-16,2699434,39075,0.014475,7.7,20882081,0.5997,21311,96384,0.2211,62119,1667962,0.037200000000000004,1267799,51926,0.040999999999999995,589341,655088,16148,84,714421,0.0001,0,0,0.0,714421,74695,77016,2321,1394,2184,790,6268,4124,33250,57227,23977,348035,86481,85087,10392,0.9817,0.032,0.0315,0.0038,1
43,Siblings Talk Openly After 15 Years Of Separation,-vjQyNjHamY,Candid Confession,9.45,2017-12-20,494900,1774,0.0035849999999999996,4.6,2300988,0.49200000000000005,4,23,0.1739,13,5163,0.0025,186040,4633,0.024900000000000002,195161,241162,1409,21,144068,0.0001,0,0,0.0,144068,9962,10245,283,145,239,94,352,262,3446,8365,4919,38350,10721,10576,614,0.9857,0.0217,0.0214,0.0012,1
44,Couple Secretly Shares Both Sides Of Their Love Story,wmgEDFC2awo,Both Sides,7.18,2017-12-24,387492,1998,0.005155999999999999,4.3,1654276,0.5943,8,21,0.381,15,7445,0.002,215794,6764,0.0313,203529,234768,830,6,131993,0.0,0,0,0.0,131993,12876,13146,270,31,75,44,2362,291,3060,6739,3679,27571,15560,15529,2653,0.9976,0.0402,0.0401,0.0068,1
45,Young Foreigners Discuss Their American Experience,vUlCunK0W2k,Candid Confession,8.27,2017-12-27,309592,1221,0.003944,4.3,1319054,0.5154,5,19,0.2632,11,4823,0.0023,167800,3430,0.0204,127830,156532,728,10,112285,0.0001,0,0,0.0,112285,6706,7044,338,134,183,49,359,331,2945,6518,3573,21984,7530,7396,690,0.9804,0.0243,0.0239,0.0022,1
46,Cruise Ship Lovers Share Both Sides Of Their Love Story,mdftkoGpOTA,Both Sides,8.05,2017-12-28,206182,788,0.003822,5.0,1032046,0.6218,1,7,0.1429,6,3653,0.0016,133286,2318,0.0174,108564,125848,566,5,80563,0.0001,0,0,0.0,80563,6654,6796,142,28,55,27,1021,256,1365,3400,2035,17201,7959,7931,1277,0.9958,0.0386,0.0385,0.0062,1
47,Why I Left My Six-Figure Job To Find My Calling,QeTgfqcXN7o,Crazy Ones,7.03,2018-01-03,125654,3422,0.027233999999999998,4.0,507846,0.5746,15,24,0.625,18,4075,0.0044,0,0,0.0,58907,72481,349,20,52278,0.0004,0,0,0.0,52278,7885,8102,217,113,142,29,1547,496,4253,6475,2222,8464,10041,9928,2043,0.9859,0.0799,0.079,0.0163,1
48,Best Friends Express Their True Feelings About Each Other,FCmI2WXVqL8,Candid Confession,7.5,2018-01-03,334448,1332,0.0039829999999999996,4.2,1392607,0.5552,4,30,0.1333,17,4692,0.0036,147795,2603,0.0176,156413,184613,752,11,115334,0.0001,0,0,0.0,115334,7963,8166,203,84,133,49,1048,282,3100,7139,4039,23210,9377,9293,1330,0.9896,0.028,0.0278,0.004,1
49,Polyamorous Partners Share Their Love Story,C-XKidJmD4k,Both Sides,9.28,2018-01-05,190112,1358,0.007143,5.0,954369,0.5408,1,9,0.11109999999999999,8,2664,0.003,111828,2268,0.0203,90293,109114,578,2,62505,0.0,0,0,0.0,62505,4964,5150,186,224,262,38,908,242,2273,5243,2970,15906,6338,6114,1150,0.9568,0.0333,0.0322,0.006,1
50,Cousins Reveal Their Honest Opinions About Each Other,REJ8VEwCymI,Candid Confession,8.47,2018-01-09,101184,242,0.002392,4.4,447132,0.5219,0,2,0.0,0,1159,0.0,57571,1447,0.025099999999999997,42443,50039,304,3,34404,0.0001,0,0,0.0,34404,1788,1871,83,28,39,11,94,113,614,1926,1312,7452,2023,1995,207,0.9846,0.02,0.0197,0.002,1
51,Couple Secretly Shares How Their Love Helped Them Heal,iE7DNDM4yj8,Both Sides,8.3,2018-01-13,105913,486,0.004588999999999999,4.8,508666,0.5786,1,7,0.1429,7,1790,0.0039000000000000003,69326,1296,0.0187,53769,61564,294,1,35447,0.0,0,0,0.0,35447,3873,3956,83,16,38,22,432,95,967,2479,1512,8478,4416,4400,527,0.9959,0.0417,0.0415,0.005,1
52,The Unsexy Truth About Following Your Dreams,b3Rr-lZqaic,Crazy Ones,6.88,2018-01-17,118349,1991,0.016822999999999998,2.3,270740,0.3323,33,254,0.12990000000000002,213,24159,0.0088,29927,424,0.014199999999999999,0,0,150,13,69530,0.0002,0,0,0.0,69530,4677,4825,148,70,116,46,268,366,2314,4283,1969,4512,5381,5311,634,0.9853,0.0455,0.0449,0.0054,1
53,Friends With Benefits Secretly Share Their Feelings For Each Other,x-t6MopdFoE,Both Sides,9.72,2018-01-17,4185245,31874,0.007616,4.7,19822819,0.4874,12685,115786,0.1096,81324,3124829,0.026000000000000002,1700463,52385,0.0308,2330254,2666217,9998,178,1177640,0.0002,0,0,0.0,1177640,129726,134175,4449,2615,3632,1017,28506,9813,73484,125212,51728,330380,170660,168045,38319,0.9802,0.0408,0.0402,0.0092,1
54,Young Pilot  Overcomes Odds to Attempt Record-Breaking Trip Around Country,AujK1N526-Y,Crazy Ones,9.62,2018-01-18,40888,646,0.015799,3.9,160543,0.4083,77,274,0.281,282,13391,0.021099999999999997,0,0,0.0,15079,18618,118,1,15490,0.0001,0,0,0.0,15490,1916,1952,36,10,18,8,421,104,703,1388,685,2676,2451,2441,525,0.9948,0.0599,0.0597,0.0128,1
55,Couple Secretly Shares Both Sides Of Their Love Story,ieEsCShC9PE,Both Sides,4.4,2018-01-21,1220171,9846,0.008069,2.9,3549484,0.6611,38,93,0.4086,78,21703,0.0036,1215647,15949,0.0131,594008,699130,1454,56,423909,0.0001,0,0,0.0,423909,55947,57367,1420,202,433,231,13878,1497,21217,35820,14603,59158,71524,71322,15375,0.9964,0.0586,0.0585,0.0126,1
56,Interracial Couple Secretly Shares About Their 37-Year Marriage,6ql6lz1f_tQ,Both Sides,6.43,2018-02-01,1051545,8913,0.008476000000000001,3.7,3933860,0.5815,2394,15393,0.1555,9764,638270,0.015300000000000001,642324,10495,0.0163,495247,606893,2246,18,292672,0.0001,0,0,0.0,292672,45912,46872,960,233,473,240,9547,1552,20238,32370,12132,65564,57244,57011,11099,0.995,0.0544,0.0542,0.0106,1
57,Couple Secretly Shares Both Sides Of Their Love Story,XIHblrUk030,Both Sides,8.33,2018-02-07,230393,1618,0.007023000000000001,4.7,1085833,0.5656,14,981,0.0143,879,99338,0.0088,132550,3329,0.025099999999999997,142640,158182,714,4,73639,0.0001,0,0,0.0,73639,5212,5331,119,84,126,42,726,202,1340,3385,2045,18097,6224,6140,928,0.9841,0.027,0.0267,0.004,1
58,Dropouts And Graduates: Is College Worth It?,ecgcL4Cu75I,Middle Ground,8.72,2018-02-13,2001864,20492,0.010236,5.0,10056896,0.5763,9315,54179,0.17190000000000003,35298,1479219,0.0239,863212,19210,0.0223,1296308,1456135,6555,57,616274,0.0001,0,0,0.0,616274,55543,57071,1528,642,1092,450,4950,3206,32039,57429,25390,167615,64341,63699,8156,0.9886,0.0321,0.0318,0.0041,1
59,What It Takes To Become The World's Best Whistler,KCzyQ2Rfj1c,Whistle Doc,14.45,2018-02-15,1768929,6235,0.003525,5.4,9540560,0.3732,9,56,0.1607,26,17811,0.0015,270634,3718,0.0137,0,0,9954,85,481104,0.0002,0,0,0.0,481104,49846,51008,1162,1017,1537,520,13766,2774,22834,33882,11048,159009,67403,66386,16540,0.98,0.0381,0.0375,0.0094,1
60,Pro-Gun Vs. Anti-Gun: Is There Middle Ground?,3svs-nHtlNg,Middle Ground,10.2,2018-02-21,2025474,22160,0.010941000000000001,5.9,11976388,0.5797,12503,60427,0.2069,39428,1379224,0.0286,656855,11224,0.0171,566324,660801,9234,47,590316,0.0001,0,0,0.0,590316,49047,50868,1821,2611,3263,652,6975,9895,27108,51212,24104,199606,68528,65917,16870,0.9495,0.0338,0.0325,0.0083,1
61,Can Strangers Love Each Other In 36 Questions?,4_W_ev9EBLM,Tea with Strangers,8.4,2018-02-22,227533,1645,0.0072299999999999994,4.8,1101465,0.5763,3,17,0.1765,16,4316,0.0037,130773,7648,0.058499999999999996,142976,161675,517,5,71533,0.0001,0,0,0.0,71533,10273,10555,282,62,115,53,604,220,6466,11975,5509,18358,11159,11097,824,0.994,0.049,0.0488,0.0036,1
62,3 Buff Men Share Their Feelings With Each Other,lavllxWY7QM,Tea with Strangers,13.03,2018-02-27,363619,3558,0.009785,6.7,2445310,0.516,6,25,0.24,24,5607,0.0043,197448,8179,0.0414,213709,235553,1534,11,133831,0.0001,0,0,0.0,133831,17099,17516,417,90,180,90,1999,689,6955,12034,5079,40755,19877,19787,2688,0.9948,0.0547,0.0544,0.0074,1
63,Can Trump Supporters And Immigrants See Eye To Eye?,G0SpzIIHEaE,Middle Ground,15.77,2018-03-03,4246754,53161,0.012518,7.8,33019845,0.49310000000000004,1786,36262,0.0493,26570,1260701,0.021099999999999997,1227578,23592,0.0192,1868491,2239426,18746,115,1141135,0.0001,0,0,0.0,1141135,115805,121572,5767,5615,7601,1986,25877,28651,71575,115867,44292,550331,175948,170333,54528,0.9538,0.0414,0.0401,0.0128,1
64,Strangers Answer 36 Questions That Lead To Love,e8M7kKknyxU,Tea with Strangers,9.27,2018-03-08,326508,2923,0.008952,5.2,1712679,0.5661,3759,14859,0.253,9647,304909,0.0316,334706,10657,0.0318,213227,238924,883,7,112625,0.0001,0,0,0.0,112625,13204,13550,346,60,118,58,837,388,5509,10732,5223,28545,14489,14429,1225,0.9955,0.0444,0.0442,0.0038,1
65,Vegans Vs. Meat Eaters: What Is The Right Diet?,JUnWk4s4_js,Middle Ground,10.62,2018-03-10,2010101,19307,0.009605,6.3,12627221,0.5917,20447,86669,0.2359,53488,1816911,0.0294,911042,13579,0.0149,759402,945540,7973,50,555345,0.0001,0,0,0.0,555345,51630,53728,2098,3256,3986,730,10576,19190,21520,44450,22930,210454,84652,81396,29766,0.9407,0.0421,0.0405,0.0148,1
66,Liberal vs Conservative: 24 Hours Side By Side,Po6arNswfn8,Side by Side,5.02,2018-03-15,1022671,4006,0.003917,3.0,3091947,0.6027,0,21,0.0,18,8217,0.0022,972988,19831,0.0204,376037,399585,3055,40,204779,0.0002,0,0,0.0,204779,18315,19432,1117,2537,2884,347,3805,7792,12831,23613,10782,51532,32449,29912,11597,0.8783,0.0317,0.0292,0.0113,1
67,Model And Makeup Artist Open Up About Their Friendship,j6qpA8YoQi8,Candid Confession,9.38,2018-03-16,101823,254,0.002495,3.7,372127,0.3895,517,1729,0.299,966,53879,0.0179,54224,877,0.016200000000000003,54121,64084,208,2,31793,0.0001,0,0,0.0,31793,2183,2246,63,32,43,11,46,59,1087,3180,2093,6202,2320,2288,105,0.9856,0.0228,0.0225,0.001,1
68,Getting Deep AF With Strangers,h6-sDd_XdeU,DAQ,5.65,2018-03-21,76697,535,0.0069759999999999996,3.6,275433,0.6356,0,6,0.0,6,1725,0.0034999999999999996,90004,1312,0.0146,0,0,152,2,23999,0.0001,0,0,0.0,23999,4885,5025,140,42,63,21,255,223,1564,3742,2178,4591,5405,5363,478,0.9915,0.0705,0.0699,0.0062,1
69,Atheist vs Christian: 24 Hours Side By Side,BORnQCvXJto,Side by Side,5.02,2018-03-22,421943,2281,0.005405999999999999,2.6,1104141,0.5216,2,20,0.1,12,4124,0.0029,338084,12318,0.0364,187328,210163,823,7,99648,0.0001,0,0,0.0,99648,9280,9660,380,370,481,111,802,1989,5788,11907,6119,18402,12441,12071,2791,0.9617,0.0295,0.0286,0.0066,1
70,Rapper Best Friends Play Honest Game of Never Have I Ever,dpUEnrhzIZQ,Candid Confession,9.27,2018-03-24,225271,792,0.003516,4.6,1037311,0.49689999999999995,9603,10378,0.9253,11077,131616,0.0842,125212,1403,0.011200000000000002,98139,121891,561,2,61894,0.0,0,0,0.0,61894,8827,9081,254,67,125,58,607,324,2823,5670,2847,17289,9825,9758,931,0.9925,0.0436,0.0433,0.0041,1
71,Strangers Getting Deep AF About Love,iYisSnLRX2A,DAQ,5.3,2018-03-27,67739,302,0.004458,3.6,246899,0.6877,0,1,0.0,1,1585,0.0006,99733,3756,0.0377,26003,33586,122,2,21942,0.0001,0,0,0.0,21942,3240,3324,84,74,100,26,157,116,1429,3473,2044,4115,3587,3513,273,0.9777,0.053,0.0519,0.004,1
72,College Students Play Never Have I Ever on a Blind Date,-sawOTDR5C4,Candid Confession,8.65,2018-03-29,1845821,9674,0.005241,4.9,9052829,0.5670000000000001,65,255,0.25489999999999996,210,32300,0.006500000000000001,1700518,45543,0.0268,1042960,1266803,2954,57,698439,0.0001,0,0,0.0,698439,32642,33596,954,624,984,360,1711,1097,12579,27627,15048,150880,36074,35450,2808,0.9812,0.0195,0.0192,0.0015,1
73,Pole Dancer and Violinist Collide Worlds To Collaborate,t2lFdE0J37o,Between Worlds,8.15,2018-04-01,219656,3061,0.013935,4.4,975414,0.5449,4,11,0.3636,12,2897,0.0040999999999999995,173016,3330,0.0192,69750,67384,621,8,40262,0.0002,0,0,0.0,40262,17091,17373,282,64,132,68,1874,521,6236,10230,3994,16257,19550,19486,2395,0.9963,0.089,0.0887,0.0109,1
74,Trump Supporter vs Immigrant: 24 Hours Side By Side,U-8nTabnSpc,Middle Ground,6.47,2018-04-04,139422,670,0.004806,3.0,418115,0.46380000000000005,1,7,0.1429,6,1345,0.0045000000000000005,81017,1665,0.0206,61517,72063,337,7,39627,0.0002,0,0,0.0,39627,3625,3762,137,217,264,47,332,895,1744,4168,2424,6969,5069,4852,1227,0.9435,0.0364,0.0348,0.0088,1
75,Veterans Reveal Their Most Difficult Experiences,QAIHQSDPB8s,Time Capsule,5.02,2018-04-05,202018,789,0.003906,2.9,594257,0.5864,7,15,0.4667,11,3094,0.0036,136598,1799,0.0132,93036,104443,458,4,73490,0.0001,0,0,0.0,73490,5488,5626,138,103,154,51,446,291,3379,6276,2897,9904,6328,6225,737,0.9816,0.0313,0.0308,0.0036,1
76,Strangers Connect Over Past Eating Disorder Struggles,bfPn15IEP3I,Candid Confession,8.0,2018-04-07,437193,2292,0.005243,3.8,1664944,0.47600000000000003,13,51,0.25489999999999996,40,6371,0.0063,128106,1507,0.0118,187061,187704,750,9,136217,0.0001,0,0,0.0,136217,11848,12165,317,280,383,103,258,306,7197,15063,7866,27749,12692,12412,564,0.9769,0.029,0.0284,0.0013,1
77,Hip Hop Producer & Opera Singer: 3 Hours to Make a Hit,OWL7Rj2-Ync,Between Worlds,8.48,2018-04-11,323804,6171,0.019058,4.7,1515120,0.5516,1,19,0.0526,16,4244,0.0038,321116,3177,0.009899999999999999,137102,155866,949,10,69230,0.0001,0,0,0.0,69230,19467,19831,364,108,219,111,1590,667,6704,11003,4299,25252,21832,21724,2257,0.9945,0.0674,0.0671,0.007,1
78,Graduates Reveal Fears Of Entering The Real World,Mco3zKzm_6Y,Time Capsule,4.48,2018-04-12,45743,162,0.003542,2.3,107018,0.5218,0,4,0.0,4,1020,0.0039000000000000003,33963,612,0.018000000000000002,23249,27544,59,4,18950,0.0002,0,0,0.0,18950,2055,2107,52,25,33,8,192,103,1148,2307,1159,1784,2375,2350,295,0.988,0.0519,0.0514,0.0064,1
79,Strangers Get Deep On Awkward Blind Date,U7bjaEYWz4A,Candid Confession,8.73,2018-04-15,256524,709,0.002764,4.7,1211724,0.5409,0,19,0.0,12,4192,0.0029,241006,7381,0.030600000000000002,143229,162300,586,3,85148,0.0,0,0,0.0,85148,4440,4615,175,186,256,70,248,393,1718,4685,2967,20195,5267,5081,641,0.9598,0.0205,0.0198,0.0025,1
80,Two Artists Fuse Styles On One Canvas,Rx0Scm7QTXY,Between Worlds,8.22,2018-04-18,1642298,24277,0.014782,4.5,7423099,0.5501,5300,22385,0.2368,19999,571679,0.035,1783357,47518,0.026600000000000002,1096531,1058421,3812,80,198096,0.0004,0,0,0.0,198096,76900,78469,1569,747,1264,517,11978,1491,46729,67201,20472,123718,91116,90369,13469,0.9904,0.0555,0.055,0.0082,1
81,Can You Be In Love With Multiple People?,IAE8uQUU4Pw,Middle Ground,20.87,2018-04-22,1900437,20672,0.010877,9.5,18091200,0.4562,181,8914,0.0203,5728,429949,0.013300000000000001,1107588,23136,0.0209,1018781,1072145,10597,38,573092,0.0001,0,0,0.0,573092,61791,63868,2077,1022,1696,674,18529,5149,46883,79366,32483,301520,86491,85469,23678,0.9837,0.0455,0.045,0.0125,1
82,Seniors Reveal Their Most Difficult Life Lessons,Sbw8AFibZPU,Time Capsule,3.9,2018-04-26,72536,327,0.004508,2.3,167302,0.5914,5,9,0.5556,7,1724,0.0040999999999999995,68719,2174,0.0316,41238,45275,94,1,26835,0.0,0,0,0.0,26835,3968,4047,79,29,43,14,339,101,2490,4594,2104,2788,4437,4408,440,0.9927,0.0612,0.0608,0.0061,1
83,"Sudarso Brothers Open Up About Girls, Jealousy, & Purpose",gQB_p5V9bYY,Candid Confession,8.72,2018-04-27,288182,1400,0.004858,4.7,1360009,0.5414,11,31,0.35479999999999995,24,4330,0.0055000000000000005,162959,1945,0.011899999999999999,149511,162808,591,9,77879,0.0001,0,0,0.0,77879,13097,13420,323,49,116,67,810,369,4755,9334,4579,22667,14325,14276,1179,0.9963,0.0497,0.0495,0.0041,1
84,Can Feminists and Non-Feminists Agree On Gender Equality?,E37swnRU2fs,Middle Ground,14.78,2018-05-05,2582946,25374,0.009824000000000001,7.4,18987985,0.49729999999999996,9,183,0.0492,110,27130,0.0040999999999999995,1116061,13927,0.0125,653141,565975,11215,68,725482,0.0001,0,0,0.0,725482,80148,83340,3192,3678,5063,1385,12377,13244,46858,83411,36553,316466,109447,105769,25621,0.9561,0.0424,0.0409,0.0099,1
85,Jeremy Lin: The Failure That Pushed Me To Greatness,68His9iFV7E,Best Failure Ever,2.72,2018-05-09,92791,403,0.0043430000000000005,1.7,160185,0.6354,3,8,0.375,6,3081,0.0019,0,0,0.0,54207,62221,95,5,33924,0.0001,0,0,0.0,33924,2485,2543,58,45,60,15,192,100,1657,3114,1457,2670,2822,2777,292,0.9822,0.0304,0.0299,0.0031,1
86,Can 2 Strangers Fall in Love with 36 Questions? Russell + Kera,GeSzLqqyNgs,Tea for Two,9.08,2018-05-11,3722186,53232,0.014301,5.6,20900099,0.6182,58,305,0.1902,224,65426,0.0034000000000000002,2936239,72054,0.0245,2460945,2686806,6439,80,713661,0.0001,0,0,0.0,713661,175087,179829,4742,809,1947,1138,32833,5938,120769,173509,52740,348335,214667,213858,38771,0.9954,0.0577,0.0575,0.0104,1
87,Can Black Lives Matter & Law Enforcement See Eye To Eye?,S6rDvbQ-mz4,Middle Ground,15.13,2018-05-15,1399201,10811,0.007727,8.4,11703392,0.5527000000000001,14,114,0.12279999999999999,64,16396,0.0039000000000000003,419993,6168,0.0147,515749,514894,9384,41,366960,0.0001,0,0,0.0,366960,45071,46608,1537,1258,1861,603,6043,6789,23974,42027,18053,195057,59161,57903,12832,0.9728,0.0423,0.0414,0.0092,1
88,Can 2 Strangers Fall in Love with 36 Questions? Paulo + Karis,LGm5tysm2Zk,Tea for Two,10.47,2018-05-19,1153811,13059,0.011318,5.6,6500751,0.5383,8,76,0.10529999999999999,74,21606,0.0034000000000000002,347883,3118,0.009000000000000001,694363,787935,3077,37,295993,0.0001,0,0,0.0,295993,33433,34345,912,270,510,240,5473,2028,14774,25411,10637,108346,41204,40934,7501,0.992,0.0357,0.0355,0.0065,1
89,Millennials and Baby Boomers Seek To Understand Each Other,D1eB--DsKfI,Middle Ground,12.35,2018-05-24,817465,3853,0.004713,7.2,5848956,0.5794,13,83,0.1566,60,12724,0.004699999999999999,609769,11116,0.0182,499356,570562,5007,20,237296,0.0001,0,0,0.0,237296,21469,22056,587,371,569,198,2606,1896,13166,27615,14449,97483,26342,25971,4502,0.983,0.0322,0.0318,0.0055,1
90,Can 2 Strangers Fall in Love with 36 Questions? Kellyann + Audrey,y6bd7jmcZ7Q,Tea for Two,8.35,2018-05-30,575407,3384,0.005881,4.3,2489897,0.5182,27,80,0.3375,72,9225,0.0078000000000000005,526268,9675,0.0184,332728,385613,1039,12,150291,0.0001,0,0,0.0,150291,13431,13836,405,277,376,99,921,354,9449,18383,8934,41498,14983,14706,1275,0.9798,0.026,0.0256,0.0022,1
91,Building an Amazing Team One Second Per Day,2RJ28N0wRP4,Jubilee Journals,4.62,2018-06-02,92544,474,0.005122,1.0,87980,0.2059,0,2,0.0,1,520,0.0019,13332,96,0.0072,0,0,47,6,64360,0.0001,0,0,0.0,64360,1120,1375,255,98,204,106,97,97,538,1076,538,1466,1412,1314,194,0.9195,0.0153,0.0142,0.0021,1
92,20 vs 1: Speed Dating 20 Guys | Jubilee x Solfa,zlLH_ph74Es,20 vs 1,5.75,2018-06-04,6150972,25623,0.004166,3.6,22382650,0.6328,18,181,0.09939999999999999,146,74884,0.0019,3175549,94272,0.0297,2215516,2693464,8111,161,978977,0.0002,0,0,0.0,978977,85911,89902,3991,8778,10463,1685,17075,10378,36119,67224,31105,373044,122142,113364,27453,0.9073,0.0199,0.0184,0.0045,1
93,Can 2 Strangers Fall in Love With 36 Questions? James + Sonja,8yXG9qD5AZw,Tea for Two,11.98,2018-06-07,1318368,7861,0.005963,6.1,8091396,0.5122,4,88,0.0455,53,20442,0.0026,933734,17808,0.0191,777016,867874,4159,58,341273,0.0002,0,0,0.0,341273,27607,28431,824,360,638,278,2705,1367,14044,26341,12297,134857,32039,31679,4072,0.9871,0.0243,0.024,0.0031,1
94,20 vs 1: Speed Dating 20 Girls | Jubilee x Solfa,Un0m8Xjy9vk,20 vs 1,7.07,2018-06-14,5694667,28645,0.00503,4.7,26669670,0.6627,4,157,0.0255,114,72068,0.0016,5721088,244079,0.042699999999999995,3147814,3476342,10183,321,964035,0.0003,0,0,0.0,964035,88360,91724,3364,2729,4085,1356,8540,5618,29988,59641,29653,444494,105247,102518,14158,0.97,0.0185,0.018,0.0025,1
95,Can 2 Strangers Fall in Love with 36 Questions? Claudio + Victoria,l5Oi-I-O2_4,Tea for Two,9.42,2018-06-19,3207138,22386,0.006979999999999999,5.3,17042296,0.5643,16,168,0.09519999999999999,114,49678,0.0023,1774646,30669,0.0173,974675,1170423,11809,113,609212,0.0002,0,0,0.0,609212,55455,57787,2332,1941,2610,669,6695,3616,71744,107436,35692,284038,67707,65766,10311,0.9662,0.0211,0.0205,0.0032,1
96,Teens Try To Resist Their Phones For 20 Minutes,TSL9GB1trRk,Phones Down,5.1,2018-06-21,3444681,14430,0.004189,2.9,10097758,0.5748,44,179,0.2458,160,20511,0.0078000000000000005,4021950,67895,0.0169,2045590,2242490,4242,87,464905,0.0002,0,0,0.0,464905,77833,80720,2887,5636,6680,1044,5595,17946,41206,77216,36010,168296,107010,101374,23541,0.9325,0.0311,0.0294,0.0068,1
97,Phones Down: 20 Minute Challenge | Zarvon,vUdcjvVbsqo,Phones Down,6.95,2018-06-22,351703,1372,0.003901,2.3,799999,0.3273,11,24,0.4583,23,2152,0.010700000000000001,270993,5891,0.0217,225401,243407,425,22,62679,0.0004,0,0,0.0,62679,7199,7462,263,305,408,103,324,905,2403,5280,2877,13333,8733,8428,1229,0.9594,0.0248,0.024,0.0035,1
98,"Earning $11,000 vs. $60 in a Day",DZwPsYu8_1I,Bottom Line,12.05,2018-06-27,5071854,40625,0.00801,6.4,32440153,0.5307999999999999,2029,28355,0.0716,27412,1015234,0.027000000000000003,3407695,22855,0.0067,4202835,4631321,22895,396,1750098,0.0002,0,0,0.0,1750098,113143,117116,3973,3926,5531,1605,33593,8513,81839,110719,28880,540669,159175,155249,42106,0.9665,0.0314,0.0306,0.0083,1
99,Phones Down: 20 Minute Challenge | Kayciblu,6Bz3vcx3oPw,Phones Down,4.93,2018-06-28,108257,381,0.003519,2.4,257239,0.4817,5,18,0.2778,14,1112,0.0126,105668,1914,0.0181,64295,70321,150,5,26460,0.0002,0,0,0.0,26460,2497,2586,89,181,199,18,134,292,933,2290,1357,4287,3104,2923,426,0.9324,0.0287,0.027,0.0039,1
100,Strangers Read Racist Comments To Each Other,f1dMxRGVGz8,Mean Comments,5.57,2018-06-28,354129,992,0.002801,3.7,1299922,0.6594,9,29,0.3103,22,5495,0.004,231839,2899,0.0125,56885,56201,748,6,93761,0.0001,0,0,0.0,93761,13096,13422,326,193,290,97,471,916,5865,12489,6624,21665,14676,14483,1387,0.9855,0.0414,0.0409,0.0039,1
101,Can 2 Strangers Fall in Love with 36 Questions? Mikey + Jaylee,HJZv4RWVF9M,Tea for Two,9.52,2018-07-05,999048,6772,0.006777999999999999,5.4,5423387,0.5704,8,68,0.1176,51,18568,0.0027,307815,4529,0.0147,682724,761209,2437,31,251695,0.0001,0,0,0.0,251695,25313,25942,629,221,449,228,1970,828,13408,24885,11477,90390,28332,28111,2798,0.9913,0.0284,0.0281,0.0028,1
102,Earning $400 vs Losing $250 in a Day,mDfS9cFNoDo,Bottom Line,11.05,2018-07-11,788576,8959,0.011361000000000001,5.9,4652719,0.534,18,76,0.2368,61,13194,0.0046,571932,11186,0.0196,606994,674213,3639,68,301448,0.0002,0,0,0.0,301448,13509,13975,466,850,1061,211,1327,1176,6308,11024,4716,77545,16862,16012,2503,0.9408,0.0214,0.0203,0.0032,1
103,Strangers Play Monopoly with Real Money,X5TnZYOrY7Y,Real Monopoly,14.22,2018-07-13,1443407,6598,0.004571,7.3,10547711,0.514,18,116,0.1552,75,23485,0.0032,925620,15760,0.017,840998,947751,8429,50,416554,0.0001,0,0,0.0,416554,31761,32828,1067,1593,1985,392,2907,2161,21581,36559,14978,175795,38422,36829,5068,0.9522,0.0266,0.0255,0.0035,1
104,Vegans And Meat Eaters Read Mean Comments Together,dxMbga0ILY0,Mean Comments,4.75,2018-07-15,192568,458,0.002378,3.2,607794,0.6645,2,22,0.0909,18,3371,0.0053,176355,3265,0.018500000000000003,103244,117388,369,2,48063,0.0,0,0,0.0,48063,6022,6181,159,167,212,45,322,679,2817,7308,4491,10130,7190,7023,1001,0.973,0.0373,0.0365,0.0052,1
105,People Read Strangers' Darkest Secrets,dRIg2mgHkew,Seeking Secrets,4.43,2018-07-18,2520832,34654,0.013747,2.8,7033357,0.6293,51,115,0.4435,90,27663,0.0033,360912,4841,0.0134,0,0,3106,28,527789,0.0001,0,0,0.0,527789,89167,91862,2695,827,1588,761,6670,2629,56590,88495,31905,117223,99293,98466,9299,0.9908,0.0394,0.0391,0.0037,1
106,"Jews, Muslims, and Christians Read Mean Comments to Each Other",jlNBRcNwy3E,Mean Comments,4.57,2018-07-19,354284,866,0.002444,3.1,1114360,0.6888,8,25,0.32,19,4438,0.0043,239601,4575,0.0191,120555,119598,586,0,64466,0.0,0,0,0.0,64466,12535,12900,365,299,429,130,417,1072,7998,15167,7169,18573,14323,14024,1489,0.9767,0.0404,0.0396,0.0042,1
107,Strangers Play Monopoly with Real Money,r8tHeMHmkPY,Real Monopoly,9.93,2018-07-21,269104,1296,0.004816,5.7,1524547,0.5703,13,34,0.3824,32,5213,0.0060999999999999995,203443,4383,0.0215,165710,182136,1250,9,91595,0.0001,0,0,0.0,91595,7280,7472,192,125,176,51,502,432,3809,8036,4227,25409,8339,8214,934,0.9831,0.031,0.0305,0.0035,1
108,Can 2 Strangers Fall in Love with 36 Questions? Joey + Amy,QsA3lESL0gI,Tea for Two,8.13,2018-07-24,1156934,5925,0.005121,4.5,5170071,0.5494,10,83,0.12050000000000001,53,19915,0.0027,543714,7006,0.0129,727766,818955,1924,20,265825,0.0001,0,0,0.0,265825,31649,32410,761,303,546,243,2049,1035,24146,42742,18596,86168,35036,34733,3084,0.9905,0.0303,0.03,0.0027,1
109,Can LGBTQ+ and Christians See Eye To Eye?,f5jwTft6654,Middle Ground,15.07,2018-07-25,2525214,21495,0.008511999999999999,7.0,17581081,0.4621,15,181,0.08289999999999999,126,19917,0.0063,649660,9915,0.015300000000000001,488909,484019,11858,71,640462,0.0001,0,0,0.0,640462,86295,89174,2879,2679,3655,976,9897,10719,85468,136118,50650,293018,109590,106911,20616,0.9699,0.0434,0.0423,0.0082,1
110,People Read Strangersâ€™ Worst Heartbreaks,AqCCkgwkBHk,Seeking Secrets,3.85,2018-07-31,2125309,22867,0.010759000000000001,2.8,5993628,0.7325,35,142,0.2465,128,31229,0.0040999999999999995,2131153,77360,0.0363,1058148,1212791,2594,14,412027,0.0,0,0,0.0,412027,72791,74583,1792,375,906,531,6218,2041,60906,91380,30474,99894,81425,81050,8259,0.9949,0.0383,0.0381,0.0039,1
111,Can Body Positive & Fitness Enthusiasts Find Middle Ground?,eVZJFULZVfA,Middle Ground,9.77,2018-08-02,1051681,5692,0.005412,6.2,6565865,0.6392,14,82,0.1707,66,17210,0.0038,421587,6018,0.0143,522000,602261,4738,17,257999,0.0001,0,0,0.0,257999,31169,32015,846,1385,1685,300,2809,3749,23097,41811,18714,109431,39112,37727,6558,0.9575,0.0372,0.0359,0.0062,1
112,Can 2 Strangers Fall in Love with 36 Questions? David + Nicole,Jn32WTzOrUA,Tea for Two,8.73,2018-08-08,596711,2940,0.004927,4.7,2813569,0.5399,7,55,0.1273,38,10069,0.0038,318471,5166,0.016200000000000003,406303,461361,1231,18,142358,0.0001,0,0,0.0,142358,12464,12918,454,341,470,129,1334,1039,13449,22365,8916,46893,15178,14837,2373,0.9734,0.0254,0.0249,0.004,1
113,People Read Strangers' Biggest Insecurities,sxL-_Ktd1JA,Seeking Secrets,3.95,2018-08-10,513426,3371,0.006566,2.5,1303657,0.6428,2,12,0.16670000000000001,9,6770,0.0013,433854,17900,0.041299999999999996,233556,260425,596,7,121367,0.0001,0,0,0.0,121367,17474,17830,356,128,250,122,857,746,9097,17651,8554,21728,19205,19077,1603,0.9927,0.0374,0.0372,0.0031,1
114,Can Sex Workers and Pastors Find Middle Ground?,PLbo3m4rVQQ,Middle Ground,16.12,2018-08-15,681374,2927,0.0042959999999999995,8.5,5810861,0.5292,11,69,0.1594,43,10545,0.0040999999999999995,322270,8825,0.0274,21599,25063,4127,15,170890,0.0001,0,0,0.0,170890,24686,25494,808,599,873,274,2978,2697,20199,33888,13689,96848,30960,30361,5675,0.9763,0.0454,0.0446,0.0083,1
115,Classical Quartet and Mariachi Band Fuse Styles Into One Song,5nTIa_nhtV8,Between Worlds,10.3,2018-08-17,283636,2065,0.00728,5.2,1467866,0.5024000000000001,5,22,0.2273,19,3871,0.0049,0,0,0.0,211815,220279,1342,7,35655,0.0002,0,0,0.0,35655,20065,20385,320,302,409,107,5302,927,11658,16115,4457,24464,26596,26294,6229,0.9852,0.0938,0.0927,0.022,1
116,People Read Strangers' Suicidal Thoughts,W6T9GA4lyBg,Seeking Secrets,3.73,2018-08-21,899875,7770,0.008635,2.4,2192642,0.6527,11,52,0.2115,45,15781,0.0029,1117795,28221,0.0252,0,0,1072,10,167875,0.0001,0,0,0.0,167875,40653,41526,873,181,396,215,2754,1297,38953,57782,18829,36544,44885,44704,4051,0.9956,0.0499,0.0497,0.0045,1
117,50 Babies: From Birth to First Steps,6fSK6Yvd060,Project Humanity,3.35,2018-08-24,60170,158,0.002626,2.1,125246,0.6214,0,3,0.0,4,1501,0.0027,39045,892,0.022799999999999997,0,0,77,4,16608,0.0002,0,0,0.0,16608,5141,5201,60,15,40,25,690,195,2217,4190,1973,2087,6041,6026,885,0.9971,0.1004,0.1001,0.0147,1
118,20 vs 1: Speed Dating 20 Guys | Jubilee x Solfa,L3VOCyYeK4s,20 vs 1,7.5,2018-08-29,1399048,4542,0.003246,5.1,7137629,0.6801999999999999,1,51,0.0196,21,30745,0.0007000000000000001,770879,12923,0.0168,741061,860742,2855,58,297290,0.0002,0,0,0.0,297290,24871,26536,1665,7896,8406,510,2532,4566,14474,29469,14995,118960,39865,31969,7098,0.759,0.0285,0.0229,0.0051,1
